code,D10,D30,D50,D60,D90,Cu,Cc,clay_pct,silt_pct,sand_pct,bulk_density,particle_density,porosity,void_ratio,Gs,OM_content,pH,EC,theta_s,theta_r
4202,0.001,0.001,0.0121818181818181,0.0267272727272727,0.1666666666666666,,,76.0,24.0,0.0,1.169,2.69,0.5654275092936802,1.3011120615911032,2.69,,,,0.5511727361262302,0.0
2382,0.001,0.0276,0.2589285714285714,0.6071428571428571,1.6517857142857142,,,44.0,56.00000000000001,0.0,1.45,,,,,,,,0.3617288328525856,0.0
1163,0.001,0.001,0.014,0.0625,0.8833333333333333,,,59.0,4.400000000000004,36.6,1.49,2.7,0.448,0.8115942028985507,2.7,,,,0.4101266770778659,0.1447575573524445
2613,0.001,0.0107189292543021,0.0290745697896749,0.0382523900573613,1.2830882352941178,,,72.8,27.200000000000003,0.0,1.66,2.57,0.354,0.5479876160990712,2.57,0.1,5.2,,0.4048514261465444,0.0
1202,0.001,0.0352947976878612,0.1253930817610063,0.1647012578616352,0.3720588235294118,,,35.3,14.6,50.1,1.77,,,,,,,,0.2952261885937975,0.0
3301,0.001,0.0278602150537634,0.0778059701492537,0.1086517412935323,0.3408536585365854,,,26.6,18.6,54.8,1.63,2.65,0.385,0.6260162601626017,2.65,1.7,,,0.3739344514932502,0.0
4033,0.001,0.0065714285714285,0.0199999999999999,0.0271428571428571,0.0485714285714285,,,34.5,62.4,3.1000000000000028,1.52,,,,,0.18,,,0.4247503887476789,0.0
1300,0.001,0.001,0.0319597315436241,0.0480671140939597,1.4974226804123714,,,61.2,38.8,0.0,1.26,,,,,,,,0.4732766162704466,0.0
4544,0.001,0.0312131147540983,0.0674190064794816,0.0808099352051835,0.1209827213822894,,,19.6,27.1,53.29999999999999,1.61,,,,,1.38,7.640000000000001,,0.4534576657051714,0.0
4271,0.0829338842975206,0.1230978260869565,0.1576363636363636,0.1794545454545454,1.3115384615384615,2.163826606875934,1.0181559345705604,3.4000000000000004,3.4000000000000004,93.2,,,,,,2.2,4.7,,0.3505333463473324,0.0844753506270234
4212,0.001,0.001,0.0121818181818181,0.0267272727272727,0.1666666666666666,,,76.0,24.0,0.0,1.182,2.69,0.5605947955390335,1.2758037225042302,2.69,,,,0.5171457744064195,0.0
1213,0.001,0.001,0.0250117647058823,0.0391294117647058,0.1439873417721519,,,67.7,21.1,11.2,1.58,,,,,,,,0.4918897834832478,0.1617010332380369
3194,0.0028796992481203,0.0164135338345864,0.0432105263157894,0.0687499999999999,0.3444444444444445,23.874020887728395,1.360768834024294,35.3,34.2,30.500000000000004,1.5,,,,,0.12,8.2,0.48,0.4830305320897546,0.0
3144,0.0863636363636363,0.1533203125,0.2119140625,0.2412109375,0.4385474860335195,2.79296875,1.1284218183997443,3.8,7.999999999999999,88.2,1.57,,,,,0.04,7.600000000000001,0.19,0.3717408807215168,0.0405812418174275
4120,0.001,0.001,0.0016024844720496,0.0065714285714285,0.0705882352941176,,,66.9,29.099999999999994,4.000000000000004,1.24,,,,,2.58,,,0.5403621045774017,0.1184379521086134
2361,0.001,0.001,0.001,0.00275,0.0317272727272727,,,73.0,25.0,2.0000000000000018,1.25,2.649,0.5281238203095509,1.1192000000000004,2.649,2.5,6.8,,0.5552529163431051,0.0014881347922499
2131,0.001,0.0774647887323943,0.6267605633802817,0.9014084507042254,1.7253521126760565,,,29.0,71.0,0.0,1.72,,,,,,,,0.2920859326993942,0.0
1042,0.078125,0.1474820143884892,0.1924460431654676,0.2149280575539568,0.4807692307692307,2.7510791366906475,1.2953734083862618,4.0,16.0,80.0,1.562,2.58,0.3945736434108526,0.6517285531370037,2.58,0.31,,,0.3361800702637831,0.0
1281,0.001,0.0082741116751269,0.022945205479452,0.0313600782778864,0.0566046966731898,,,26.8,70.8,2.400000000000002,1.48,2.65,0.442,0.7921146953405017,2.65,0.776,7.46,,0.4528113173984242,0.0152921542031039
4283,0.001,0.016,0.08125,0.1808823529411764,1.5122615803814714,,,30.0,19.5,50.5,,,,,,0.3,5.0,,0.4210209751611894,0.1767802267793905
3392,0.001,0.0071412742382271,0.0232077562326869,0.0312409972299168,0.0553407202216066,,,95.8,0.0,4.200000000000004,1.481,2.65,0.441,0.7889087656529518,2.65,0.35,,,0.4009621729901587,0.0
2373,0.001,0.375,0.8392857142857143,1.0714285714285714,1.767857142857143,,,16.0,84.0,0.0,1.35,,,,,,,,0.3903118991346542,0.0
1030,0.0114598540145985,0.0983870967741935,0.1773560209424083,0.2166230366492146,0.4847161572052402,18.902774535632098,3.899353121458833,21.0,9.3,69.7,1.48,,,,,1.7,,,0.379088393745198,0.0
3311,0.001,0.0363291139240506,0.0981333333333333,0.134375,0.3871794871794872,,,24.0,15.800000000000002,60.2,1.58,2.61,0.391,0.6420361247947455,2.61,1.6,,,0.3860528457717779,0.0
4311,0.0787066666666666,0.1328431372549019,0.1722857142857142,0.1952173913043478,0.3863636363636363,2.480315830565151,1.1485455462654088,3.1,1.1999999999999995,95.7,1.66,,,,,,,,0.2786864992647277,0.0518185208578031
2380,0.0076470588235294,0.18,0.7000000000000001,0.96,1.7400000000000002,125.5384615384615,4.413461538461537,25.0,75.0,0.0,1.33,,,,,,,,0.4193118991346541,0.0
4681,0.001,0.001,0.001,0.0044086021505376,0.078876404494382,,,63.7,25.1,11.2,1.08,2.48,0.5650000000000001,1.298850574712644,2.48,2.9,3.9,,0.5773616634094053,0.0
4151,0.0621951219512195,0.1268170426065163,0.1769423558897243,0.2073170731707317,0.4817073170731707,3.333333333333333,1.247279687136021,4.0,15.3,80.69999999999999,1.62,,,,,0.88,,,0.365819725206657,0.0244648720067883
1340,0.001,0.0145454545454545,0.0319148936170212,0.0404255319148936,0.1610309278350515,,,20.6,62.4,17.000000000000004,1.52,2.63,0.424,0.736111111111111,2.63,0.91,7.100000000000001,,0.414908535757185,0.0
4040,0.002,0.0192592592592592,0.0329545454545454,0.0397727272727272,0.1139784946236559,19.88636363636364,4.662982559278856,17.5,71.2,11.3,1.54,,,,,1.58,,,0.3954738463656947,0.0
2216,0.0674021739130434,0.1703267973856209,0.2567567567567567,0.3243243243243243,0.6666666666666669,4.811778396684057,1.3271271536528322,4.4,3.1,92.5,1.727,2.737,0.369,0.5847860538827259,2.737,,4.2,,0.336164360689057,0.0
3203,0.001,0.0596036585365853,0.0900914634146341,0.1147471910112359,0.2411516853932584,,,13.8,42.7,43.50000000000001,1.7,,,,,0.27,8.6,0.67,0.341,0.0
2722,0.001,0.0129689213893967,0.0305191956124314,0.0392943327239488,1.2985611510791368,,,72.2,27.800000000000004,0.0,1.53,2.61,0.414,0.7064846416382251,2.61,0.2,4.8,,0.413951104740654,0.0
1210,0.001,0.0291372549019607,0.0636548913043478,0.0840353260869565,0.2080536912751678,,,43.3,36.8,19.899999999999995,1.68,,,,,,,,0.353541043878056,0.0
4670,0.004,0.0159166666666666,0.0286666666666666,0.0353333333333333,0.0553333333333333,8.833333333333334,1.7925019654088046,13.0,84.0,3.0000000000000027,1.42,2.65,0.463,0.86219739292365,2.65,0.86,3.6,,0.4629050828530152,0.0
4181,0.001,0.0189908256880733,0.0337956204379562,0.0410948905109489,0.0978494623655914,,,20.200000000000003,70.6,9.199999999999998,1.45,,,,,0.47,,,0.4237503887476789,0.0
1102,0.001,0.0482,0.2160194174757281,0.2918250950570342,0.73546511627907,,,30.3,4.699999999999998,65.0,1.71,,,,,,,,0.33319803911053,0.0318649382241468
2463,0.001,0.002,0.010780487804878,0.015170731707317,0.2,,,71.0,12.5,16.500000000000004,,,,,,,,,0.2873128127383934,0.0176308092929772
4590,0.001,0.0107,0.0397,0.0542,0.3666666666666668,,,64.0,0.0,36.0,1.11,2.61,0.597,1.4813895781637716,2.61,3.5,6.4,,0.5161066559317579,0.0
1330,0.0025596330275229,0.0165504587155963,0.0305412844036697,0.0375366972477064,0.0585229357798165,14.664874551971325,2.850928382427595,96.4,0.0,3.600000000000003,1.37,,0.45,0.8181818181818181,,1.0,6.3,,0.4700758766144761,0.0
4700,0.001,0.001530303030303,0.0166690777576853,0.0253490054249547,0.0598765432098765,,,88.4,8.099999999999996,3.500000000000003,1.28,,0.51,1.0408163265306123,,,,,0.3446551552208641,0.0
2443,0.001,0.4127906976744185,0.8662790697674418,1.0930232558139534,1.7732558139534884,,,14.000000000000002,86.0,0.0,1.53,,,,,,,,0.3521457665705171,0.0
4581,0.0038085106382978,0.1550691244239631,0.2970873786407766,0.345631067961165,0.4912621359223301,90.75229158756848,18.267651723916277,11.4,28.9,59.7,1.62,2.65,0.389,0.6366612111292963,2.65,0.74,7.2,,0.7087845830085417,0.0
2342,0.0949666666666666,0.1863,0.3179032258064516,0.3872580645161291,0.5953225806451614,4.077831497186336,0.9437436548390316,0.0,3.0,97.0,1.6,,,,,0.29,6.7,,0.3370499296387977,0.0
1012,0.026,0.1108106904231625,0.1749532293986637,0.2070244988864142,0.4926900584795322,7.962480726400549,2.281225573655965,17.5,10.999999999999998,71.50000000000001,1.4,2.66,0.44,0.7857142857142857,2.66,,,,0.3720442830450946,0.0
2761,0.0063394833948339,0.0240516605166051,0.0417638376383763,0.0835380835380835,1.5208845208845212,13.177427612817604,1.0923246997470315,59.3,40.7,0.0,1.28,2.65,0.517,1.0703933747412009,2.65,1.5,7.2,,0.4978689054234215,0.0
4231,0.001,0.0379999999999999,0.0984848484848484,0.1287878787878787,0.2196969696969697,,,34.0,65.99999999999999,0.0,1.494,2.64,0.4340909090909091,0.7670682730923695,2.64,,,,0.3650594500368447,0.0
4032,0.001,0.0137499999999999,0.0271770334928229,0.0343540669856459,0.0817829457364341,,,24.0,70.7,5.300000000000004,1.5,,,,,0.44,,,0.4256255831215184,0.0
2241,0.001,0.0177358490566037,0.0347169811320754,0.0432075471698113,0.7031250000000001,57.24999999999998,9.646288209606988,15.0,85.0,0.0,1.34,2.66,0.456,0.8382352941176471,2.66,,,,0.4984518048566466,0.0
2713,0.001,0.0078625954198473,0.0225190839694656,0.0298473282442748,0.4400000000000003,,,87.5,12.5,0.0,1.66,2.61,0.364,0.5723270440251572,2.61,0.2,4.0,,0.3709718734681828,0.0
3283,0.001,0.001,0.0108474576271186,0.0159322033898305,0.14375,,,68.0,32.0,0.0,1.64,2.64,0.379,0.6103059581320451,2.64,,,,0.3922449244342395,0.029456593047446
2393,0.001,0.0054285714285714,0.0397142857142857,0.2272727272727269,1.556818181818182,,,56.00000000000001,43.99999999999999,0.0,1.54,,,,,,,,0.3518745994231027,0.0
2210,0.0674021739130434,0.1703267973856209,0.2567567567567567,0.3243243243243243,0.6666666666666669,4.811778396684057,1.3271271536528322,4.4,3.1,92.5,1.826,2.737,0.333,0.4992503748125937,2.737,,4.2,,0.3294950044779373,0.0
4183,0.001,0.0143,0.0320845070422535,0.0405352112676056,0.0925339366515837,,,25.7,67.60000000000001,6.699999999999995,1.6,,,,,0.27,,,0.3983821280197372,0.0305316267571781
3242,0.001,0.0080529634300126,0.0201588902900378,0.0262118537200504,0.0443707440100882,,,99.3,0.2000000000000001,0.5000000000000004,1.41,,0.47,0.8867924528301886,,,,,0.6554804355034873,0.0909641789450491
2601,0.001,0.0064379562043795,0.0297956204379562,0.0414744525547445,1.4036697247706422,,,67.30000000000001,32.7,0.0,1.08,2.53,0.573,1.3419203747072597,2.53,3.6,3.8,,0.5429563018078072,0.0
2414,0.0116,0.0436,0.5227272727272727,0.8181818181818182,1.704545454545455,70.53291536050158,0.2002927203065133,34.0,65.99999999999999,0.0,1.43,,,,,,,,0.4187288328525856,0.0
3224,0.001,0.00641059602649,0.0123708609271523,0.0153509933774834,0.0432258064516129,34.08823529411764,5.944678475359081,75.6,19.7,4.700000000000005,1.35,,,,,0.47,8.2,0.7000000000000001,0.6181364128839334,0.0
2242,0.001,0.0177358490566037,0.0347169811320754,0.0432075471698113,0.7031250000000001,57.24999999999998,9.646288209606988,15.0,85.0,0.0,1.22,2.66,0.544,1.192982456140351,2.66,,,,0.5468067770926591,0.0
4162,0.001,0.030632911392405,0.0935672514619883,0.12,0.1969230769230769,,,23.4,28.800000000000004,47.8,1.52,,,,,0.07,,,0.4593251166243036,0.0748126507028712
3161,0.0165384615384615,0.0852534562211981,0.1465753424657534,0.1808219178082191,0.4050632911392405,10.933418286078364,2.430400301613496,11.0,25.4,63.6,1.38,,,,,1.16,7.600000000000001,0.41,0.7972185672348269,0.0
2590,0.001,0.0186380368098159,0.0480858895705521,0.3983572895277206,1.5995893223819304,,,51.3,48.7,0.0,1.22,2.59,0.529,1.1231422505307858,2.59,4.2,5.9,,0.5137356106009181,0.0
3180,0.001,0.0191428571428571,0.0968965517241379,0.138235294117647,0.3239130434782609,,,30.5,20.4,49.1,1.52,,,,,0.75,8.2,0.46,0.4506155632960861,0.0
1320,0.001,0.001,0.001,0.0051428571428571,0.0382978723404255,,,86.0,9.399999999999997,4.600000000000004,1.46,,,,,1.4,6.600000000000001,,0.322,0.0968408915773873
2620,0.001,0.001,0.0049662921348314,0.0184494382022471,0.8253012048192776,,,83.39999999999999,16.600000000000005,0.0,1.07,2.51,0.574,1.3474178403755863,2.51,4.0,3.4,,0.5737718221230522,0.0
4660,0.06875,0.2298507462686567,0.3492537313432836,0.408955223880597,0.5880597014925373,5.948439620081411,1.8790717943131057,5.0,4.0,91.0,1.37,2.56,0.46,0.8518518518518519,2.56,2.31,3.8,,0.431083170470266,0.0067446642423991
4191,0.001,0.001,0.0121818181818181,0.0267272727272727,0.1666666666666666,,,76.0,24.0,0.0,1.229,2.69,0.5431226765799256,1.1887713588283155,2.69,,,,0.463593492326773,0.0
2012,0.001,0.0086046511627906,0.0304,0.0384,0.0962068965517241,,,28.4,58.60000000000001,13.0,1.51,2.69,0.44,0.7857142857142857,2.69,0.29,7.0,,0.4274336880466768,0.0870709281364877
1204,0.001,0.0865506329113924,0.1643518518518518,0.1974206349206349,0.4052863436123348,,,22.3,15.8,61.9,1.82,,,,,,,,0.2805992494955914,0.0
2415,0.0116,0.0436,0.5227272727272727,0.8181818181818182,1.704545454545455,70.53291536050158,0.2002927203065133,34.0,65.99999999999999,0.0,1.43,,,,,,,,0.4434372997115514,0.0
4543,0.001,0.0312131147540983,0.0674190064794816,0.0808099352051835,0.1209827213822894,,,19.6,27.1,53.29999999999999,1.61,,,,,1.38,7.640000000000001,,0.4534576657051714,0.0
1282,0.001,0.0044651162790697,0.025086876155268,0.0330351201478743,0.0568798521256931,,,33.300000000000004,64.39999999999999,2.300000000000002,1.46,2.7,0.459,0.8484288354898338,2.7,0.397,7.37,,0.4383649761190498,0.1601757210698972
1041,0.0638888888888888,0.1410984848484848,0.1884469696969697,0.2121212121212121,0.4621212121212121,3.3201581027667983,1.469045560417843,7.000000000000001,16.2,76.8,1.512,2.65,0.4294339622641508,0.7526455026455025,2.65,0.783,,,0.3293596716556582,0.0
1466,0.0587934782608695,0.0806675,0.0991675,0.1196120689655172,0.1842672413793103,2.0344445081951537,0.9253223216734208,1.4,9.5,89.1,1.54,2.631,0.414,0.7064846416382251,2.631,,,,0.445322375510494,0.0
2650,0.001,0.0172289156626506,0.0365060240963855,0.046144578313253,1.4583333333333337,,,64.0,36.0,0.0,1.08,2.61,0.586,1.4154589371980677,2.61,4.600000000000001,4.7,,0.5643707460324233,0.0
2401,0.001,0.0176,0.0416,0.186046511627907,1.5465116279069768,,,56.99999999999999,43.00000000000001,0.0,1.25,,,,,,,,0.4354780316987912,0.0
1383,0.001,0.001,0.0037302325581395,0.0055906976744186,0.0445281690140845,,,62.2,33.9,3.900000000000004,1.64,2.7,0.393,0.6474464579901154,2.7,0.138,4.13,,0.3426936733836512,0.1360492993996203
2711,0.001,0.0104790419161676,0.0248502994011976,0.0320359281437125,0.7000000000000005,,,85.0,15.000000000000002,0.0,1.27,2.61,0.513,1.053388090349076,2.61,0.5,3.8,,0.4907749877454621,0.0
1351,0.001,0.0135185185185185,0.0306382978723404,0.0391489361702127,0.1516666666666666,,,21.3,63.2,15.500000000000004,1.57,2.63,0.403,0.6750418760469012,2.63,0.65,7.4,,0.4088701210770287,0.0453450139192716
1301,0.001,0.001,0.0319597315436241,0.0480671140939597,1.4974226804123714,,,61.2,38.8,0.0,1.27,,,,,,,,0.3733034623607549,0.0
3263,0.002,0.0169999999999999,0.032,0.0395,0.275,19.75,3.658227848101265,74.0,2.0000000000000018,24.0,1.37,,,,,,,,0.5302328937362524,0.0651739767874153
2731,0.001,0.012721649484536,0.0292164948453608,0.0374639175257731,1.213709677419355,,,75.2,24.8,0.0,1.38,2.61,0.471,0.8903591682419659,2.61,0.7000000000000001,4.3,,0.4707758967279977,0.0
4551,0.001,0.001,0.0051149425287356,0.0118348623853211,0.0485321100917431,,,49.8,50.2,0.0,1.7,2.62,0.351,0.5408320493066255,2.62,0.6900000000000001,6.69,,0.582724198695143,0.0925566441134587
1280,0.001,0.0168888888888888,0.0318768718801996,0.0390316139767054,0.0604958402662229,,,18.1,75.4,6.499999999999995,1.34,2.65,0.494,0.9762845849802372,2.65,1.5,7.54,,0.4531023999743039,0.0
3381,0.001,0.0151521126760563,0.0314901408450704,0.0396591549295774,0.1072847682119205,,,84.89999999999999,0.0,15.1,1.452,2.65,0.452,0.8248175182481752,2.65,0.8,6.3,,0.4732403689457372,0.0
4562,0.001,0.0051657458563535,0.0079281767955801,0.0093093922651933,0.125776397515528,,,28.8,71.2,0.0,1.6,2.64,0.394,0.6501650165016503,2.64,,7.87,,0.4141079052109838,0.1955566441134587
2691,0.001,0.001,0.0118461538461538,0.0272307692307692,1.2261904761904765,,,74.8,25.2,0.0,1.67,2.69,0.379,0.6103059581320451,2.69,7.7,7.3,,0.6204001642540917,0.1616270537440884
2541,0.001,0.0149767441860465,0.453125,0.7625,1.690625,,,36.0,64.0,0.0,1.697,2.64,0.357,0.5552099533437014,2.64,,,,0.3170881939051751,0.0
3155,0.0650684931506849,0.1516166281755196,0.2209006928406466,0.2604712041884817,0.4568062827225131,4.00303113805456,1.3563232323294447,6.1,9.0,84.89999999999999,1.53,,,,,0.16,7.4,0.21,0.4055793027364758,0.0
2422,0.0294285714285714,0.4310344827586206,0.8793103448275862,1.103448275862069,1.7758620689655171,37.495815199196514,5.721407348510209,13.0,87.0,0.0,1.4,,,,,,,,0.374,0.0
1212,0.001,0.0158039215686274,0.0471764705882352,0.0690402476780185,0.1854508196721312,,,51.8,32.3,15.900000000000002,1.61,,,,,,,,0.4504516330025089,0.0
2652,0.001,0.0101702127659574,0.030595744680851,0.0408085106382978,1.3709677419354842,,,69.0,31.000000000000007,0.0,1.52,2.66,0.429,0.7513134851138354,2.66,0.4,4.9,,0.4209825207231228,0.0
2464,0.001,0.0048421052631578,0.0124210526315789,0.0162105263157894,0.3777777777777777,,,70.0,14.500000000000002,15.500000000000004,,,,,,,,,0.1955034643825377,0.0050520987412919
2621,0.001,0.001,0.0027317073170731,0.0173658536585365,0.8983050847457633,,,82.3,17.700000000000003,0.0,1.27,2.61,0.513,1.053388090349076,2.61,1.4,3.4,,0.5128492396170167,0.086808433131196
1200,0.001,0.032,0.0903266331658291,0.1288167938931297,0.3345588235294118,,,39.3,19.899999999999995,40.8,1.71,,,,,,,,0.3284073811406202,0.0
2622,0.001,0.001,0.0069765886287625,0.0230301003344481,1.1594827586206895,,,76.8,23.2,0.0,1.47,2.65,0.445,0.8018018018018019,2.65,0.6,3.6,,0.4449103586911991,0.2135744404039985
1183,0.001,0.001,0.05,0.4399999999999999,1.61,,,50.0,50.0,0.0,1.44,2.65,0.457,0.8416206261510131,2.65,,,,0.5073233307448406,0.170692359021181
2572,0.0441818181818181,0.4697309417040358,0.90695067264574,1.1255605381165918,1.781390134529148,25.47565003967594,4.436963894040916,10.8,89.2,0.0,1.44,2.69,0.465,0.8691588785046731,2.69,0.3,5.100000000000001,,0.4827290712084044,0.0
4140,0.03875,0.1126637554585152,0.1563318777292576,0.1781659388646288,0.4120141342756184,4.597830680377518,1.838535667823968,4.8,19.4,75.8,1.36,,,,,2.2,,,0.4183821280197372,0.0704882906689294
1392,0.0077932960893854,0.0418715083798882,0.3185763888888889,0.6548611111111111,1.6637152777777775,84.02877339705296,0.3435317131266856,42.4,0.0,57.60000000000001,1.66,,,,,1.19,6.53,,0.3913188623307071,0.0
1342,0.001,0.0128258706467661,0.0278068410462776,0.0358551307847082,0.06,,,20.200000000000003,69.8,9.999999999999998,1.34,2.63,0.489,0.9569471624266144,2.63,0.43,7.3,,0.4523624219688423,0.0
2571,0.0134059405940594,0.3414337788578371,0.8153098420413123,1.0522478736330498,1.763061968408263,78.49116339507975,8.264139166616296,17.7,82.3,0.0,1.3,2.64,0.508,1.032520325203252,2.64,1.5,4.8,,0.4787815090390359,0.0
3290,0.0011676300578034,0.0242552083333333,0.0710869565217391,0.1010386473429951,0.3251655629139074,86.53309896207004,4.986745778350377,28.1,19.2,52.7,1.44,2.62,0.449,0.8148820326678767,2.62,2.4,,,0.4822769315938616,0.0
1111,0.0287042253521126,0.1485655737704918,0.2168715846994535,0.2526408450704225,0.5904761904761906,8.801521099116782,3.0435957768770265,16.3,6.800000000000001,76.9,1.73,,,,,,,,0.2855068585010475,0.0
4710,0.0011764705882352,0.0246813186813186,0.0512903225806451,0.0674193548387096,0.1777777777777777,57.30645161290322,7.6801738804862,49.2,31.000000000000007,19.8,1.28,,0.51,1.0408163265306123,,,,,0.7556421724265532,0.0
2132,0.001,0.0446666666666666,0.5661764705882353,0.8529411764705882,1.7132352941176474,,,32.0,68.0,0.0,1.72,,,,,,,,0.2995644495245456,0.0
1010,0.0259999999999999,0.1126315789473684,0.1757894736842105,0.2073684210526316,0.4717741935483871,7.975708502024293,2.352904909677552,17.0,10.900000000000002,72.1,1.64,2.64,0.394,0.6501650165016503,2.64,0.01,,,0.3706822204965603,0.0
1043,0.064516129032258,0.1421389396709323,0.1878427787934186,0.2106946983546617,0.4277777777777778,3.265767824497258,1.4862923181859642,7.000000000000001,15.5,77.5,1.593,2.61,0.3896551724137931,0.6384180790960452,2.61,,,,0.3204699881776978,0.0
3310,0.001,0.0366787878787878,0.0976779661016949,0.134065934065934,0.3842105263157895,234.6153846153844,17.561012846798818,23.6,16.500000000000004,59.9,1.53,2.59,0.403,0.6750418760469012,2.59,2.6,,,0.4130528457717779,0.0
1073,0.1669847328244275,0.3963730569948186,0.6857585139318886,0.8405572755417957,1.6632996632996635,5.033737284387439,1.1193455438424864,3.6,2.0000000000000004,94.4,1.59,,,,,,,,0.3097772658422237,0.0
4161,0.001,0.0397368421052631,0.0879487179487179,0.1163076923076922,0.2736842105263158,,,14.9,39.8,45.3,1.62,,,,,0.56,,,0.3643959953115329,0.0568360693650123
2630,0.001,0.0124999999999999,0.2272727272727272,0.5818181818181817,1.6454545454545453,,,45.0,55.00000000000001,0.0,1.27,2.72,0.533,1.1413276231263385,2.72,2.6,5.5,,0.4987412359072815,0.0
2462,0.001,0.001,0.0117627118644067,0.0198983050847457,0.0443050847457627,,,97.0,3.0000000000000027,0.0,0.925,,,,,5.68,6.3,,0.6525781264652785,0.0
1350,0.001,0.0132121212121212,0.0310854503464203,0.0403233256351039,0.171743119266055,,,21.5,59.8,18.700000000000006,1.36,2.63,0.483,0.9342359767891684,2.63,0.53,7.4,,0.5247299522380995,0.0176107300764847
3090,0.001,0.001,0.0041450381679389,0.0103141361256544,0.0417277486910994,,,52.8,45.4,1.8000000000000016,1.4,2.58,0.457,0.8416206261510131,2.58,3.85,7.5,0.92,0.4604435962956993,0.0
3103,0.001,0.001,0.0067664670658682,0.0097604790419161,0.044865671641791,,,44.1,54.8,1.100000000000001,1.37,2.64,0.481,0.9267822736030829,2.64,1.8,8.3,,0.7942106237681213,0.0
2532,0.001,0.0185714285714285,0.0812499999999999,0.1484848484848484,0.5714285714285715,267.27272727272697,4.18100791336943,20.0,36.00000000000001,43.99999999999999,1.334,2.64,0.495,0.9801980198019802,2.64,0.47,8.2,,0.4267053153400629,0.0
3262,0.002,0.0159130434782608,0.0298260869565217,0.0367826086956521,0.2236363636363636,18.39130434782609,3.44218316373728,79.0,2.0000000000000018,18.999999999999996,1.36,,,,,,,,0.5062328937362524,0.0489022296889883
4172,0.001,0.030632911392405,0.0935672514619883,0.12,0.1969230769230769,,,23.5,28.700000000000003,47.8,1.59,,,,,0.26,,,0.4154268143516264,0.0022072667232362
2412,0.001,0.0058399999999999,0.0442399999999999,0.3404255319148934,1.5851063829787235,,,53.0,47.0,0.0,1.4,,,,,,,,0.4136034322756885,0.0
1063,0.1261961722488038,0.2458133971291866,0.3919117647058823,0.4654411764705882,0.975563909774436,3.6882352941176464,1.0287269412886064,7.000000000000001,2.8,90.2,1.55,,,,,,,,0.3565248967630457,0.0173069843681629
2591,0.001,0.0155257731958762,0.0485154639175257,0.4114052953156821,1.6028513238289206,,,50.9,49.1,0.0,1.51,2.65,0.43,0.7543859649122806,2.65,1.0,6.9,,0.4027581118263718,0.0
4621,0.001,0.0109230769230769,0.0406666666666666,0.0555384615384615,0.4000000000000001,,,63.0,0.0,37.0,1.21,2.63,0.52,1.0833333333333337,2.63,3.5,6.2,,0.4835892586907599,0.067223745567012
4261,0.0812195121951219,0.1319999999999999,0.1722972972972972,0.1925675675675675,1.429936305732484,2.370952033114195,1.1140491228070173,4.8,3.5000000000000004,91.7,,,,,,1.3,4.3,,0.4726808415009673,0.0
2402,0.001,0.0072173913043478,0.0280869565217391,0.0385217391304347,1.327586206896552,,,71.0,29.000000000000004,0.0,1.31,,,,,,,,0.459186498557757,0.0
1060,0.1035714285714285,0.2280701754385964,0.3538961038961039,0.4188311688311688,0.8542510121457491,4.043887147335423,1.1991072613463858,7.000000000000001,4.199999999999999,88.8,1.55,,,,,,,,0.3553213360003864,0.0
3204,0.0059740259740259,0.0656976744186046,0.1369369369369369,0.1819819819819819,0.4390862944162437,30.462201331766547,3.9701278811923095,16.0,25.8,58.20000000000001,1.67,,,,,0.07,8.1,0.51,0.3992997942302161,0.0
1117,0.001,0.0307999999999999,0.1664937759336099,0.2183609958506224,0.7542372881355934,,,33.800000000000004,8.199999999999996,58.00000000000001,1.75,,,,,,,,0.3606797466996717,0.0
1162,0.001,0.001,0.0056923076923076,0.0426153846153846,0.8448275862068966,,,62.0,3.400000000000003,34.599999999999994,1.54,2.69,0.428,0.7482517482517481,2.69,,,,0.4133714341488566,0.0796863360286669
2432,0.001,0.001,0.0123783783783783,0.0253513513513513,1.0714285714285714,,,79.0,21.0,0.0,1.46,,,,,,,,0.3981661325641371,0.0
1132,0.001,0.0217101449275362,0.1103092783505154,0.1766581632653061,0.5729166666666667,,,42.2,9.700000000000005,48.1,1.77,,,,,,,,0.3458012589225494,0.1131095052101948
1361,0.001,0.001,0.005433628318584,0.0154838709677419,0.0923571428571428,,,51.6,36.0,12.4,1.49,2.65,0.438,0.7793594306049821,2.65,4.379,7.02,,0.4523643669610828,0.0908964560590664
2452,0.001,0.0145217391304347,0.1603773584905661,0.5283018867924528,1.6320754716981134,,,47.0,53.0,0.0,1.14,,,,,,,,0.4636291101831768,0.0
4573,0.001,0.0034347826086956,0.0192909535452322,0.0290709046454767,0.1662162162162163,,,33.6,62.59999999999999,3.8000000000000034,1.58,2.65,0.404,0.6778523489932886,2.65,0.5,4.9,,0.3326299392719733,0.1885566441134587
4111,0.001,0.0254545454545454,0.0527027027027027,0.0662162162162162,0.1387596899224806,139.0540540540538,20.54876033057847,22.5,62.5,15.000000000000002,1.66,,,,,1.29,,,0.3709722654164087,0.0
4950,0.02,0.085,0.15,0.3,1.5750000000000002,15.0,1.2041666666666668,10.0,40.0,50.0,1.505,2.73,0.4487179487179488,0.8139534883720932,2.73,,,,0.4493102322272503,0.0
4071,0.0021259842519685,0.0160975609756097,0.0320954907161803,0.0400530503978779,0.0894144144144144,18.839768150112977,3.043158111762025,22.5,72.2,5.300000000000004,1.47,,,,,0.42,,,0.4239167962492263,0.0
3302,0.001,0.0156062992125984,0.0657555555555555,0.0933111111111111,0.236,,,33.1,15.899999999999997,51.0,1.59,2.69,0.409,0.6920473773265652,2.69,0.3,,,0.3869344514932499,0.0
2670,0.001,0.009409948542024,0.0258765008576329,0.0341097770154373,1.0579710144927537,,,79.3,20.7,0.0,1.5,2.63,0.43,0.7543859649122806,2.63,,3.9,,0.4279475621693686,0.0
3171,0.0192173913043478,0.0857142857142857,0.1420841683366733,0.1721442885771543,0.3361344537815127,8.957734473471827,2.220850729474201,10.2,25.8,64.0,1.59,,,,,0.6,,0.44,0.4625015239310399,0.0
4521,0.1223043478260869,0.1754115226337448,0.2268518518518518,0.2578369905956112,0.4929467084639498,2.1081588281902093,0.9757287845066602,0.7000000000000001,0.5,98.8,1.43,,,,,0.27,4.76,,0.3591589453760458,0.0
3200,0.001,0.0375862068965517,0.076950354609929,0.0946808510638297,0.2359060402684563,,,23.200000000000003,39.8,37.0,1.27,,,,,2.3,8.2,0.7000000000000001,0.5884164951918468,0.0
2612,0.001,0.0100314960629921,0.0289291338582677,0.0383779527559055,1.2960288808664262,,,72.3,27.700000000000003,0.0,1.37,2.57,0.467,0.8761726078799251,2.57,0.8,4.9,,0.4438689054234215,0.0
4043,0.001,0.0146153846153846,0.0301036269430051,0.0378756476683937,0.0841232227488151,,,24.0,72.7,3.300000000000003,1.53,,,,,0.46,,,0.4148613270820438,0.0
1201,0.001,0.014663829787234,0.0643617021276595,0.1175531914893616,0.3314814814814815,,,47.3,14.1,38.6,1.69,,,,,,,,0.3780593830760109,0.0
2551,0.001,0.0198953488372093,0.5836909871244634,0.8669527896995707,1.7167381974248923,,,30.1,69.9,0.0,1.853,2.64,0.298,0.4245014245014245,2.64,,,,0.2785440969525876,0.0746322686062905
2340,0.001,0.001,0.0025714285714285,0.0129999999999999,0.4489473684210527,,,56.00000000000001,8.999999999999996,35.0,1.1,,,,,5.45,6.8,,0.5049617357336226,0.0364958373691032
2252,0.05,0.2611111111111111,0.4722222222222222,0.5777777777777778,0.8944444444444446,11.555555555555555,2.360042735042735,4.0,96.0,0.0,1.52,2.71,0.439,0.7825311942959002,2.71,,,,0.4915358855197931,0.0
2435,0.001,0.0171578947368421,0.2894736842105263,0.631578947368421,1.657894736842105,,,43.0,57.00000000000001,0.0,1.56,,,,,,,,0.363413257977719,0.0
2310,0.1370967741935483,0.2177419354838709,0.3076923076923077,0.3557692307692307,0.5,2.595022624434389,0.9720498487101904,0.0,2.0,98.0,1.71,2.63,0.348,0.5337423312883435,2.63,,,,0.348,0.0514710330261659
2110,0.018,0.0908163265306122,0.1819349315068493,0.2247431506849315,0.4989669421487603,12.485730593607304,2.038773086170004,22.0,14.7,63.3,1.53,,,,,,,,0.353955561905682,0.0
4030,0.001,0.016,0.0293333333333333,0.036,0.0901785714285714,,,21.0,71.2,7.799999999999995,1.49,,,,,1.46,,,0.4228058579148613,0.0
3330,0.0463548387096774,0.2062977099236641,0.3208015267175572,0.3780534351145038,1.1978609625668453,8.155641258559234,2.428513662413635,8.1,3.1,88.8,1.51,2.6,0.419,0.7211703958691911,2.6,2.3,,,0.4076976629361946,0.0
4512,0.001,0.0244837209302325,0.0391206496519721,0.0463132250580046,0.17578125,50.17266047950498,14.022063294561931,12.0,71.2,16.800000000000004,1.55,,,,,0.95,5.12,,0.4200389979741225,0.0
4680,0.001,0.001,0.003125,0.0085988023952095,0.0735483870967742,,,56.89999999999999,32.2,10.9,1.1,2.46,0.554,1.2421524663677133,2.46,3.8,3.9,,0.5543616634094054,0.0
3321,0.005566037735849,0.05090625,0.1188720930232558,0.1694642857142856,0.4881422924901186,30.4461259079903,2.7473746087540856,18.5,15.999999999999998,65.5,1.489,2.61,0.429,0.7513134851138354,2.61,2.1,,,0.4219344514932502,0.0
4592,0.001,0.0107,0.0397,0.0542,0.3666666666666668,,,64.0,0.0,36.0,1.21,2.61,0.507,1.028397565922921,2.61,3.9,6.2,,0.5145225730229516,0.0516492984391542
4532,0.001,0.003103448275862,0.0134351145038167,0.0215568862275449,0.3239795918367348,,,32.6,47.0,20.399999999999995,1.49,,,,,2.09,7.52,,0.4447407051804503,0.0
4213,0.001,0.001,0.0121818181818181,0.0267272727272727,0.1666666666666666,,,76.0,24.0,0.0,1.17,2.69,0.5650557620817844,1.2991452991452994,2.69,,,,0.5075557343130636,0.0
4110,0.001,0.0286111111111111,0.0557644110275689,0.0682957393483709,0.1361538461538461,75.53922685501628,13.257290154346723,18.3,67.0,14.700000000000005,1.51,,,,,1.35,,,0.3969583981246132,0.0
2220,0.0456575342465753,0.0698421052631578,0.1383207547169811,0.1861204819277108,1.1768684210526317,4.076446198836751,0.5740213184820807,16.7,0.0,83.3,1.78,2.65,0.328,0.4880952380952382,2.65,,,,0.3269004001102147,0.0
3000,0.001,0.0414285714285714,0.0660107334525939,0.0749552772808586,0.1263157894736842,81.33444981539986,24.84677451948636,15.2,72.8,12.0,1.58,2.66,0.46,0.8518518518518519,2.66,1.09,,,0.3933248569537431,0.1542463337337811
4011,0.018,0.0666666666666666,0.1164859002169197,0.1381778741865509,0.2401785714285714,7.676548565919497,1.7869255964494064,8.0,34.4,57.60000000000001,1.43,,,,,1.26,,,0.4149581541851115,0.0
4523,0.1223043478260869,0.1754115226337448,0.2268518518518518,0.2578369905956112,0.4929467084639498,2.1081588281902093,0.9757287845066602,0.7000000000000001,0.5,98.8,1.55,2.64,0.413,0.7035775127768313,2.64,0.27,4.76,,0.3591589453760458,0.0
1070,0.0808823529411765,0.2159090909090908,0.3964435146443514,0.5017667844522968,1.152542372881356,6.2036620623193,1.1486459137998526,7.1999999999999895,6.800000000000011,86.0,1.46,,,,,,,,0.4480641551756215,0.0
4440,0.1416666666666666,0.2103448275862069,0.2448275862068965,0.2642857142857143,0.3757575757575758,1.865546218487395,1.1817410191894349,4.3,0.0,95.7,1.51,2.65,0.43,0.7543859649122806,2.65,,,,0.35,0.1
1164,0.001,0.001,0.05,0.159375,0.9566666666666668,,,50.0,6.699999999999995,43.3,1.72,2.71,0.365,0.5748031496062992,2.71,,,,0.3726666731736662,0.0998491270810864
3113,0.001,0.001,0.0067664670658682,0.0097604790419161,0.044865671641791,,,44.1,54.8,1.100000000000001,1.38,2.69,0.487,0.949317738791423,2.69,2.5,8.0,,0.6458080968286468,0.0
2764,0.013170909090909,0.04808,0.5849056603773585,0.8679245283018867,1.7169811320754715,65.89708594230228,0.202223304924015,31.1,68.9,0.0,1.32,2.69,0.509,1.0366598778004077,2.69,0.8,7.3,,0.5028601657849829,0.0
3361,0.001,0.0146470588235294,0.0288669950738916,0.0354351395730706,0.0551395730706075,,,19.5,77.89999999999999,2.6000000000000023,,2.65,0.42,0.7241379310344827,2.65,0.81,6.65,,0.389726752272361,0.0
2730,0.001,0.0142033898305084,0.0304745762711864,0.0386101694915254,1.2500000000000002,,,74.0,26.0,0.0,0.91,2.61,0.651,1.865329512893983,2.61,4.1,4.1,,0.6503969584680668,0.0
2681,0.001,0.001,0.0180551724137931,0.0346068965517241,1.3648208469055376,,,69.3,30.700000000000006,0.0,1.51,2.76,0.453,0.8281535648994517,2.76,0.5,5.7,,0.5035893526354684,0.1391184558578563
4450,0.001,0.0031688311688311,0.0109610389610389,0.0148571428571428,0.0598360655737705,,,73.2,21.7,5.100000000000005,1.32,2.65,0.5,1.0,2.65,1.7,,,0.3039700846352685,0.0
4050,0.0318811881188118,0.0881868131868131,0.1370283018867924,0.1606132075471698,0.3797297297297297,5.037867690144147,1.518768371295615,4.5,29.800000000000004,65.7,1.27,,,,,3.26,,,0.4439029289574307,0.0052880449351216
1090,0.0165454545454545,0.0975746268656716,0.2092633928571428,0.2780082987551867,0.7738853503184715,16.80269937531348,2.069842668438728,21.5,13.4,65.10000000000001,1.59,,,,,,,,0.3691557826673752,0.0
3320,0.0057425742574257,0.053076923076923,0.1221162790697674,0.1725862068965517,0.4964,30.053804994054687,2.842488872074669,18.0,15.600000000000003,66.39999999999999,1.53,2.6,0.41,0.694915254237288,2.6,2.5,,,0.3961712400503057,0.0
3091,0.001,0.001,0.0038437499999999,0.01,0.0418302387267904,,,53.7,45.9,0.4000000000000003,1.43,2.6,0.45,0.8181818181818181,2.6,3.02,8.0,0.96,0.317114252304587,0.0
3153,0.0364516129032258,0.1303964757709251,0.1964757709251101,0.2295154185022026,0.4413183279742765,6.2964406845737,2.032371480430773,8.3,12.499999999999998,79.2,1.51,,,,,0.47,7.3,0.26,0.4398049174131153,0.0047437254522826
1122,0.001,0.007593984962406,0.0436842105263157,0.0853398058252427,0.3045454545454546,,,53.5,10.299999999999995,36.2,1.66,,,,,,,,0.3639931868690549,0.1711280958331734
3250,0.001,0.0088571428571428,0.0207826086956521,0.0267453416149068,0.0446335403726708,,,99.0,0.4000000000000003,0.6000000000000005,1.47,,0.45,0.8181818181818181,,,,,0.6253704490570635,0.0
4263,0.0769565217391304,0.1176785714285714,0.1541911764705882,0.17625,1.2753036437246963,2.290254237288136,1.0209870160349268,2.9000000000000004,6.2,90.9,,,,,,0.2,4.8,,0.2927522657697661,0.0711782162497768
2680,0.001,0.0208354430379746,0.0807086614173228,0.4645669291338581,1.6161417322834646,,,49.2,50.8,0.0,1.14,2.49,0.542,1.183406113537118,2.49,7.0,4.5,,0.5928762432600042,0.0
3395,0.001,0.0107256637168141,0.0253906447534766,0.0327231352718078,0.0547206068268015,,,97.2,0.0,2.8000000000000025,1.709,2.65,0.355,0.5503875968992248,2.65,0.34,,,0.361019651668978,0.0
3340,0.1266801075268817,0.1938844086021505,0.2725409836065574,0.3408469945355191,0.753787878787879,2.690611818932904,0.8705984313968916,2.5,5.0,92.5,1.41,2.6,0.456,0.8382352941176471,2.6,0.885,4.183,0.025,0.2895035113533403,0.0
2341,0.001,0.002,0.0445714285714285,0.1162777777777777,0.4917857142857144,,,38.0,15.000000000000002,47.0,1.54,,,,,0.49,6.8,,0.3962529163431051,0.0
2120,0.0714285714285714,0.4999999999999999,0.9285714285714286,1.1428571428571428,1.7857142857142858,15.999999999999996,3.0624999999999987,9.0,91.0,0.0,1.6,,,,,,,,0.3689992641276896,0.0
4232,0.001,0.0379999999999999,0.0984848484848484,0.1287878787878787,0.2196969696969697,,,34.0,65.99999999999999,0.0,1.495,2.64,0.4337121212121212,0.7658862876254181,2.64,,,,0.364814099586486,0.0
3323,0.0014432989690721,0.0520895522388059,0.1224913294797687,0.1727739726027397,0.4987903225806451,119.70768101761234,10.880945323359828,20.0,13.4,66.6,1.76,2.66,0.34,0.5151515151515152,2.66,0.2,,,0.3060528457717779,0.0
2395,0.001,0.0059999999999999,0.046,0.3749999999999998,1.59375,,,52.0,48.0,0.0,1.5,,,,,,,,0.4208745994231028,0.0
1103,0.001,0.009578947368421,0.2049180327868852,0.2815985130111524,0.7110389610389611,,,34.8,3.500000000000003,61.7,1.56,,,,,,,,0.4010216513001798,0.1084650360605153
2001,0.001,0.0079405940594059,0.0223008849557522,0.0311504424778761,0.0576991150442477,,,27.200000000000003,65.4,7.399999999999995,1.54,2.64,0.417,0.7152658662092625,2.64,0.55,7.100000000000001,,0.3899287339221655,0.0
2471,0.001,0.001,0.0117627118644067,0.0198983050847457,0.0443050847457627,,,97.0,3.0000000000000027,0.0,0.872,,,,,,,,0.6621635315112855,0.0518403291376398
2394,0.001,0.0278461538461538,0.4765625,0.78125,1.6953125000000002,,,36.0,64.0,0.0,1.52,,,,,,,,0.3630203659936199,0.0
4251,0.0287032967032967,0.0917910447761194,0.1358009708737864,0.1606060606060606,1.2447257383966246,5.5953872569492775,1.8277084350153097,6.6000000000000005,15.9,77.5,,,,,,3.4,5.600000000000001,,0.3893304865381939,0.0
4650,0.0815384615384615,0.2529411764705882,0.3705882352941176,0.4294117647058823,0.7272727272727274,5.266370699223085,1.8272695482948929,2.0,6.0,92.0,1.622,2.614,0.38,0.6129032258064516,2.614,0.6,3.1,,0.3774466536376213,0.0029148880807997
1165,0.001,0.0146315789473684,0.0985294117647058,0.2565217391304348,1.1651376146788992,,,44.0,6.800000000000001,49.2,1.72,2.69,0.361,0.5649452269170578,2.69,,,,0.3491323824396952,0.1867306682526778
4602,0.001,0.0109230769230769,0.0406666666666666,0.0555384615384615,0.4000000000000001,,,63.0,0.0,37.0,1.04,2.63,0.49,0.96078431372549,2.63,2.6,6.4,,0.4763851423088791,0.1208177458527434
1075,0.1548672566371681,0.3712765957446808,0.5933806146572104,0.7115839243498818,1.3589743589743593,4.594799054373522,1.2508620404124042,5.9,1.4,92.7,1.57,,,,,,,,0.3477550467950647,0.0
1062,0.0308,0.2312499999999999,0.3728693181818182,0.4438920454545454,0.90625,14.412079397874848,3.91142857142857,12.0,2.7,85.3,1.56,,,,,,,,0.3303861534610873,0.0111967624835909
4080,0.001,0.0129375,0.0257615894039735,0.0323841059602649,0.0682795698924731,,,25.3,70.6,4.100000000000003,1.44,,,,,1.6,,,0.4189167962492263,0.0
1193,0.001,0.001,0.0262271293375394,0.0413690851735015,0.1682634730538922,,,65.7,16.699999999999992,17.600000000000005,1.806,,,,,,,,0.400622246918201,0.13201683266738
4160,0.001,0.0420714285714285,0.0862222222222222,0.1123778501628664,0.2801724137931035,,,14.9,41.3,43.8,1.7,,,,,1.07,,,0.3685701139543359,0.0477892320407301
2753,0.001,0.0235406360424028,0.207720588235294,0.5661764705882352,1.6415441176470589,,,45.6,54.400000000000006,0.0,1.42,2.69,0.472,0.8939393939393938,2.69,1.0,4.9,,0.4758689054234215,0.0
4282,0.0608333333333333,0.1069494584837545,0.1394404332129964,0.1590128755364807,1.113861386138614,2.6139102827914638,1.1824513311974356,3.6,9.8,86.6,,,,,,0.1,4.8,,0.3360618429267679,0.0
4553,0.001,0.0051657458563535,0.0079281767955801,0.0093093922651933,0.125776397515528,,,28.8,71.2,0.0,1.6,2.65,0.396,0.6556291390728477,2.65,0.3,7.350000000000001,,0.3481079052109837,0.207
4210,0.001,0.001,0.0121818181818181,0.0267272727272727,0.1666666666666666,,,76.0,24.0,0.0,1.186,2.69,0.5591078066914499,1.268128161888702,2.69,,,,0.5125361628811349,0.004018689547454
4582,0.001,0.0354263565891472,0.219060773480663,0.2965116279069767,0.4903100775193798,,,19.3,33.5,47.2,1.7,2.66,0.361,0.5649452269170578,2.66,0.42,6.8,,0.4493922915042708,0.0
1362,0.001,0.0012413793103448,0.0120277777777777,0.0228880597014925,0.1133676470588235,,,43.8,41.2,15.000000000000002,1.23,2.65,0.536,1.1551724137931036,2.65,3.379,4.4,,0.5147940917081505,0.0
2410,0.001,0.0241538461538461,0.2589285714285714,0.6071428571428571,1.6517857142857142,,,44.0,56.00000000000001,0.0,1.2,,,,,,,,0.4566034322756885,0.0
3165,0.0458620689655172,0.1070719602977667,0.1815136476426798,0.2187344913151364,0.5458715596330276,4.769398682811245,1.1428272682723002,7.5,20.6,71.89999999999999,1.6,,,,,0.08,8.0,0.24,0.4050640366915985,0.0
1360,0.001,0.001,0.0055135135135135,0.0135384615384615,0.0996237623762376,,,50.9,36.4,12.7,1.5,2.7,0.444,0.7985611510791366,2.7,3.965,7.3,,0.4624825834762587,0.0543164658844346
1074,0.1824324324324324,0.4158767772511848,0.6832386363636364,0.8252840909090909,1.6389891696750905,4.523779461279462,1.148745485556894,2.7,2.2,95.1,1.55,,,,,,,,0.346620673715307,0.0
3293,0.001,0.0075247524752475,0.0502162162162162,0.0755675675675675,0.184516129032258,,,37.0,18.500000000000007,44.49999999999999,1.61,2.7,0.404,0.6778523489932886,2.7,0.4,,,0.3582896343288335,0.0
3131,0.018875,0.1144943820224719,0.1819101123595505,0.2156179775280899,0.4280575539568346,11.423469008110716,3.221042286259713,10.3,15.400000000000002,74.3,1.58,,,,,1.0,6.8,0.2,0.5261450341872003,0.0
3070,0.1114519906323185,0.1454098360655737,0.179367681498829,0.1963466042154567,0.2472833723653396,1.7617146459340198,0.9662207173952444,1.0,0.0,99.0,1.94,2.65,0.43,0.7543859649122806,2.65,,,,0.3,0.0
1015,0.018,0.1029133858267716,0.1687358916478555,0.2012415349887133,0.4745508982035927,11.18008527715074,2.923840024410901,18.0,12.7,69.30000000000001,1.72,2.63,0.35,0.5384615384615384,2.63,,,,0.2568906635513908,0.0
2011,0.001,0.0073658536585365,0.0251231527093596,0.034975369458128,0.1150427350427351,,,28.4,57.00000000000001,14.6,1.55,2.66,0.417,0.7152658662092625,2.66,0.6900000000000001,7.2,,0.4055247706225565,0.0475714519651628
1131,0.0075299539170506,0.0533898305084745,0.1473988439306358,0.2196531791907514,0.595959595959596,29.170587444548985,1.723404697846861,29.2,17.7,53.1,1.97,,,,,,,,0.2365951495348383,0.0335688715295151
3162,0.0345945945945946,0.0878661087866108,0.1449367088607595,0.1765822784810126,0.3797709923664123,5.104331487341771,1.2638264075525016,8.200000000000001,27.6,64.2,1.49,,,,,0.43,7.8,0.3,0.5917885444433604,0.0
3182,0.0884615384615384,0.1479406919275123,0.1973640856672158,0.2220757825370675,0.4163701067615658,2.510421889549459,1.1140882709081272,5.0,5.6,89.4,1.55,,,,,0.04,8.2,0.36,0.3930640366915985,0.0
3170,0.0158461538461538,0.0813513513513513,0.1438616071428571,0.17734375,0.389261744966443,11.191595873786406,2.3549939049172077,11.5,25.4,63.1,1.32,,,,,1.1,7.9,0.6,0.4571921100747954,0.0
1061,0.0697368421052631,0.2264150943396226,0.3592896174863388,0.4275956284153005,0.8789062500000001,6.131559954634496,1.7191557299235862,9.0,3.8000000000000007,87.2,1.59,,,,,,,,0.3400209680642312,0.0
1140,0.0641509433962264,0.1611675126903553,0.2246192893401015,0.2679856115107913,0.6721311475409837,4.177422767668219,1.5109165651041851,8.0,10.6,81.4,1.56,,,,,,,,0.3790560770162993,0.0
2581,0.001,0.0188237623762376,0.0378336633663366,0.0473386138613861,1.4758064516129037,,,62.8,37.2,0.0,1.3,2.61,0.502,1.0080321285140563,2.61,0.8,8.1,,0.5487640297621588,0.0
4091,0.001,0.0124999999999999,0.0248979591836734,0.0310204081632653,0.0493877551020408,,,26.0,73.3,0.7000000000000006,1.43,,,,,0.32,,,0.425459175619971,0.0
1013,0.0315384615384615,0.1102711864406779,0.1712881355932203,0.2017966101694915,0.4691358024691358,6.398429102935096,1.9105997809630029,15.0,13.599999999999998,71.39999999999999,1.49,2.67,0.44,0.7857142857142857,2.67,,,,0.3684293041534553,0.0
2741,0.001,0.0093522975929978,0.0303588621444201,0.0408621444201312,1.376996805111821,,,68.7,31.299999999999997,0.0,0.84,2.6,0.677,2.095975232198143,2.6,3.5,4.8,,0.6668863847002987,0.0
4121,0.001,0.001,0.001,0.0044285714285714,0.0389473684210526,,,75.6,19.2,5.200000000000005,1.11,,,,,1.39,,,0.5667781233312701,0.0978325681289787
1180,0.001,0.001,0.0281818181818181,0.05,1.5125000000000002,,,60.0,40.0,0.0,1.55,2.68,0.422,0.7301038062283736,2.68,0.01,,,0.4605804456995975,0.07729288082356
2440,0.0048235294117647,0.1554054054054053,0.6824324324324325,0.945945945945946,1.7364864864864866,196.1107448912326,5.292988982013368,26.0,74.0,0.0,1.3,,,,,,,,0.366,0.0
3174,0.0572033898305084,0.1411357340720221,0.2242382271468143,0.2752659574468085,0.4747340425531915,4.812056737588652,1.2650267306911869,3.8,16.3,79.89999999999999,1.61,,,,,0.04,7.9,0.3,0.3965152660448773,0.0484461914214818
4611,0.001,0.0109230769230769,0.0406666666666666,0.0555384615384615,0.4000000000000001,,,63.0,0.0,37.0,1.11,2.63,0.54,1.173913043478261,2.63,3.1,6.4,,0.5580234153718409,0.0784103626039753
1467,0.0343333333333333,0.2156363636363636,0.372,0.4501818181818182,1.194117647058824,13.11209179170344,3.0084311597870887,6.5,5.699999999999999,87.8,1.81,2.631,0.312,0.4534883720930233,2.631,,,,0.3960925085240744,0.0
3303,0.001,0.01625,0.0597282608695652,0.0859827586206896,0.2461538461538462,,,33.0,18.4,48.6,1.62,2.69,0.4,0.6666666666666667,2.69,0.2,,,0.3612896343288335,0.0
4310,0.0643777777777777,0.1194888888888889,0.164025974025974,0.1859433962264151,0.3997175141242938,2.8883164757296096,1.1927194595870163,7.5,2.0000000000000004,90.5,1.39,,,,,,,,0.3952887493872731,0.1118206700321253
1101,0.001,0.1529605263157894,0.2680817610062893,0.3466981132075472,0.7734375,,,19.7,5.199999999999999,75.1,1.83,,,,,,,,0.2380357904694887,0.0
4564,0.001,0.004358024691358,0.0093287037037037,0.019073482428115,0.1234177215189874,,,31.3,68.7,0.0,1.6,2.64,0.394,0.6501650165016503,2.64,,7.97,,0.4394172596085427,0.0172265764538348
2561,0.0392093023255814,0.4328358208955223,0.8805970149253731,1.1044776119402984,1.7761194029850746,28.16876471733857,4.326137897604408,12.9,87.1,0.0,1.59,2.64,0.398,0.6611295681063124,2.64,0.1,4.1,,0.3975612261036512,0.045216233043639
3143,0.0717948717948718,0.1454368932038835,0.2036893203883495,0.2328155339805825,0.4365325077399381,3.242787794729542,1.2654465290654833,4.9,9.499999999999998,85.6,1.49,,,,,0.08,7.3,0.16,0.3625152660448774,0.0
1091,0.001,0.0415294117647058,0.1996855345911949,0.2912844036697248,0.8025641025641026,,,33.0,7.500000000000001,59.5,1.63,,,,,,,,0.2986473365718978,0.0
1031,0.01,0.0912844036697247,0.1727882037533512,0.2130026809651474,0.491860465116279,21.300268096514746,3.9120833200689695,21.0,10.900000000000002,68.10000000000001,1.48,,,,,0.2,,,0.3498545133946384,0.0
2411,0.001,0.01928,0.1944444444444443,0.5555555555555554,1.6388888888888888,,,46.0,54.0,0.0,1.5,,,,,,,,0.4047288328525857,0.0
1142,0.0356,0.1430027173913043,0.2109375,0.2449048913043478,0.6592920353982302,6.879350879335612,2.345530708821204,13.0,11.7,75.3,1.8,,,,,,,,0.2410388168891894,0.0
1465,0.0282205882352941,0.0756136363636363,0.1065326633165829,0.1316582914572864,0.3056140350877194,4.665327680612547,1.5388134437051215,4.2,16.799999999999997,79.0,1.62,2.631,0.384,0.6233766233766234,2.631,,,,0.4515402660271608,0.0
2573,0.0333333333333333,0.44,0.8857142857142858,1.1085714285714283,1.7771428571428574,33.25714285714285,5.239175257731958,12.5,87.5,0.0,1.44,2.66,0.459,0.8484288354898338,2.66,0.2,5.4,,0.4497552901237202,0.0
1115,0.001,0.001,0.113095238095238,0.1722689075630252,0.4748520710059171,,,44.7,6.3,49.0,1.59,,,,,,,,0.4291517951759654,0.1217605083224137
2360,0.001,0.001,0.0039999999999999,0.0113846153846153,0.1695555555555555,,,55.00000000000001,27.999999999999996,17.000000000000004,1.42,2.573,0.4481150408083949,0.8119718309859156,2.573,4.86,6.9,,0.491417638781035,0.0482414306832917
2593,0.001,0.001,0.0138988195615514,0.0219932546374367,0.0462765598650927,,,94.6,5.400000000000005,0.0,1.66,2.76,0.399,0.6638935108153079,2.76,0.4,8.2,,0.3988874938727311,0.0951352687204419
4591,0.001,0.0107,0.0397,0.0542,0.3666666666666668,,,64.0,0.0,36.0,1.04,2.61,0.602,1.5125628140703515,2.61,3.4,6.3,,0.6150561665450693,0.1000236741249166
2100,0.0568965517241379,0.1169300225733634,0.1846501128668171,0.218510158013544,0.4505813953488372,3.840481565086531,1.0997513142355784,5.0,20.0,75.0,1.7,2.7,0.3703703703703704,0.5882352941176473,2.7,0.15,5.5,,0.3585674276974281,0.0
4092,0.001,0.0118181818181818,0.0241666666666666,0.030576923076923,0.0498076923076923,,,27.0,71.8,1.200000000000001,1.47,,,,,0.31,,,0.4099580660778107,0.0
2002,0.001,0.0072727272727272,0.02,0.0288300220750551,0.0553200883002207,,,28.000000000000004,67.3,4.700000000000005,1.5,2.67,0.439,0.7825311942959002,2.67,0.24,7.0,,0.3996257614474587,0.0
3240,0.001,0.0056823687752355,0.0186029609690444,0.0250632570659488,0.0444441453566621,,,98.6,0.3000000000000002,1.100000000000001,1.45,,0.45,0.8181818181818181,,,,,0.6047190902370994,0.0
2451,0.001,0.0271428571428571,0.3749999999999999,0.7,1.675,,,40.0,60.0,0.0,1.59,,,,,,,,0.4923897462280103,0.0
2400,0.001,0.0196842105263157,0.0449473684210526,0.3043478260869563,1.5760869565217392,,,54.0,46.0,0.0,1.08,,,,,,,,0.4738949654167227,0.0
4520,0.1223043478260869,0.1754115226337448,0.2268518518518518,0.2578369905956112,0.4929467084639498,2.1081588281902093,0.9757287845066602,0.7000000000000001,0.5,98.8,1.43,,,,,0.27,4.76,,0.3591589453760458,0.0
3100,0.001,0.001,0.0077472527472527,0.0174683544303797,0.1193548387096774,,,45.0,53.1,1.9000000000000017,1.14,2.54,0.551,1.2271714922049,2.54,4.0,7.600000000000001,,0.7145663282474352,0.0
2434,0.001,0.0145217391304347,0.1603773584905661,0.5283018867924528,1.6320754716981134,,,47.0,53.0,0.0,1.74,,,,,,,,0.3191589453760458,0.0
4941,0.001,0.2006172839506173,0.4063786008230453,0.5072874493927125,0.9679012345679012,,,34.8,0.0,65.2,1.81,,,,,,,,0.6597069098078889,0.0
1194,0.001,0.001,0.0262544169611307,0.0432155477031802,0.1715909090909091,,,64.0,17.599999999999994,18.40000000000001,1.756,,,,,,,,0.4213299426453366,0.1117023039884708
2721,0.001,0.0133599999999999,0.0293599999999999,0.03736,1.194214876033058,,,75.8,24.2,0.0,1.35,2.61,0.483,0.9342359767891684,2.61,0.7000000000000001,4.4,,0.4828777618516351,0.0
2383,0.011,0.2272727272727272,0.7337662337662338,0.987012987012987,1.7467532467532467,89.728453364817,4.757503262287949,23.0,77.0,0.0,1.47,,,,,,,,0.3661457665705171,0.0
3221,0.001,0.008876404494382,0.0254123711340206,0.0408762886597938,0.2104395604395605,,,46.5,30.1,23.4,1.51,,,,,1.0,8.0,0.4,0.4650973816823739,0.0
4530,0.001,0.003103448275862,0.0134351145038167,0.0215568862275449,0.3239795918367348,,,32.6,47.0,20.399999999999995,1.49,,,,,2.09,7.52,,0.4447407051804503,0.0
2433,0.001,0.001,0.0239428571428571,0.0376571428571428,1.3709677419354842,,,69.0,31.000000000000007,0.0,1.59,,,,,,,,0.3683496798273008,0.0
2334,0.1274705882352941,0.2647945205479452,0.3826027397260274,0.4415068493150685,0.6182191780821917,3.463597802656283,1.245863758098558,2.0,0.0,98.0,1.703,,,,,1.0,5.100000000000001,,0.3677970132956926,0.0
2750,0.001,0.0205234899328859,0.1141199226305609,0.4912959381044487,1.6228239845261123,,,48.3,51.7,0.0,1.01,2.59,0.61,1.564102564102564,2.59,4.1,4.2,,0.6087640297621587,0.0
2765,0.0112903225806451,0.0370967741935483,0.3749999999999999,0.7,1.675,61.99999999999999,0.1741277156023699,40.0,60.0,0.0,1.29,2.68,0.519,1.0790020790020791,2.68,0.7000000000000001,7.4,,0.4609563018078072,0.0
4510,0.001,0.0244837209302325,0.0391206496519721,0.0463132250580046,0.17578125,50.17266047950498,14.022063294561931,12.0,71.2,16.800000000000004,1.533,2.68,0.628,1.6881720430107527,2.68,0.95,5.12,,0.4200389979741225,0.0
2762,0.0097669902912621,0.0408349514563106,0.4789391575663027,0.7831513260530422,1.6957878315132606,80.18348566944665,0.2180005772812935,35.9,64.1,0.0,1.26,2.65,0.525,1.105263157894737,2.65,0.6,7.2,,0.4668077279543516,0.0
1391,0.0077932960893854,0.0418715083798882,0.3185763888888889,0.6548611111111111,1.6637152777777775,84.02877339705296,0.3435317131266856,42.4,0.0,57.60000000000001,1.62,,,,,1.241,5.97,,0.3982764843509416,0.0
3192,0.001,0.0137428571428571,0.0405945945945945,0.0661538461538461,0.3425925925925926,,,37.3,31.499999999999996,31.200000000000006,1.44,,,,,0.75,7.8,0.45,0.534417724751435,0.0
1211,0.001,0.0183636363636363,0.0495324675324675,0.0715236686390532,0.1830708661417323,,,50.3,33.8,15.900000000000002,1.59,,,,,,,,0.4823266260452761,0.0
3261,0.002695652173913,0.0166086956521739,0.0305217391304347,0.0374782608695652,0.2368181818181818,13.903225806451609,2.7304094004939734,78.0,2.0000000000000018,20.0,1.43,,,,,,,,0.5589385207294707,0.0633587354921345
4601,0.001,0.0109230769230769,0.0406666666666666,0.0555384615384615,0.4000000000000001,,,63.0,0.0,37.0,1.04,2.63,0.51,1.0408163265306123,2.63,3.4,6.4,,0.5031425550786746,0.0907025376731936
2101,0.0314285714285714,0.107233502538071,0.1833756345177665,0.2214467005076142,0.4638783269961978,7.046031379787724,1.6522171594495707,8.4,19.7,71.89999999999999,1.6,2.7,0.4074074074074074,0.6875000000000001,2.7,0.14,5.7,,0.3797937451465761,0.0
3292,0.001,0.0088466257668711,0.0557731092436974,0.0915057471264367,0.3253164556962026,,,40.1,11.9,48.0,1.56,2.7,0.407,0.6863406408094435,2.7,0.5,,,0.3614608743791391,0.0
4253,0.055722891566265,0.0979213483146067,0.1356465517241379,0.1573239436619718,1.15962441314554,2.823326988960792,1.0937707383336237,3.4000000000000004,13.0,83.6,,,,,,0.1,4.8,,0.3488321911901305,0.0
4131,0.0623417721518987,0.1178807947019867,0.1620309050772627,0.1841059602649006,0.425,2.9531717484116045,1.2107071797095554,4.4,17.5,78.10000000000001,1.61,,,,,0.45,,,0.3569167962492263,0.0119531626757178
4230,0.001,0.0379999999999999,0.0984848484848484,0.1287878787878787,0.2196969696969697,,,34.0,65.99999999999999,0.0,1.494,2.64,0.4340909090909091,0.7670682730923695,2.64,,,,0.359431105535851,0.0
3110,0.001,0.001,0.0076842105263157,0.0167469879518072,0.0957142857142857,,,44.9,53.2,1.9000000000000017,1.35,2.54,0.469,0.8832391713747645,2.54,4.27,7.7,,0.5813318457388349,0.0
3202,0.001,0.0247191011235955,0.0708333333333333,0.0875,0.2278409090909091,,,28.6,38.900000000000006,32.49999999999999,1.7,,,,,0.27,8.6,0.48,0.3679416495191847,0.0
3211,0.001,0.0163626943005181,0.0362626262626262,0.0463636363636363,0.10375,,,33.900000000000006,55.89999999999999,10.199999999999998,1.48,,,,,1.5,7.8,2.94,0.446,0.0
4192,0.001,0.001,0.0121818181818181,0.0267272727272727,0.1666666666666666,,,76.0,24.0,0.0,1.229,2.69,0.5431226765799256,1.1887713588283155,2.69,,,,0.4650070174383434,0.0
3164,0.0528455284552845,0.0934959349593496,0.1486486486486486,0.1776061776061775,0.3586956521739131,3.360855360855359,0.9313633520950592,5.0,28.200000000000003,66.8,1.56,,,,,0.16,7.9,0.22,0.5442165353267736,0.0603607886114473
1114,0.001,0.0159636363636363,0.15625,0.205078125,0.54320987654321,,,37.8,5.8,56.400000000000006,1.58,,,,,,,,0.4205459624897553,0.1401903993961822
2212,0.0674021739130434,0.1703267973856209,0.2567567567567567,0.3243243243243243,0.6666666666666669,4.811778396684057,1.3271271536528322,4.4,3.1,92.5,1.741,2.737,0.364,0.5723270440251572,2.737,,4.2,,0.5025825165360307,0.0
2641,0.0080845070422535,0.3711217183770882,0.8365155131264916,1.069212410501193,1.7673031026252983,132.2544967693113,15.93364753819624,16.2,83.8,0.0,1.3,2.62,0.504,1.0161290322580645,2.62,2.7,4.8,,0.4995630180780718,0.0
3191,0.001,0.0146091370558375,0.0457926829268292,0.0769230769230769,0.3640350877192984,,,35.9,30.700000000000006,33.4,1.4,,,,,1.68,7.8,0.53,0.5593536880598364,0.0
1170,0.00944,0.1326949384404924,0.6662106703146374,0.9329685362517098,1.7332421340629274,98.83141273852858,1.999262051532096,26.9,73.1,0.0,1.7,,,,,,,,0.321,0.0757159662304593
1490,0.001,0.0107373737373737,0.0256514285714285,0.0338419047619047,0.0584133333333333,,,23.3,72.3,4.400000000000004,1.47,2.7,0.456,0.8382352941176471,2.7,0.259,5.94,,0.4270449687875369,0.0
3142,0.0629213483146067,0.1403614457831325,0.2006024096385542,0.230722891566265,0.4397106109324759,3.666845955249569,1.357084717085425,3.8,12.8,83.39999999999999,1.56,,,,,0.31,7.2,0.3,0.3985793027364758,0.0
4252,0.0693877551020408,0.110607476635514,0.1386448598130841,0.1548305084745762,1.0218579234972682,2.231380857427717,1.1387531520419418,4.0,7.1000000000000005,88.9,,,,,,0.2,5.0,,0.3496391127307094,0.0
2671,0.001,0.011525,0.026525,0.034025,0.9572192513368988,,,81.3,18.700000000000006,0.0,1.43,2.78,0.486,0.9455252918287936,2.78,0.2,3.9,,0.4836853730162117,0.0
4102,0.001,0.0139999999999999,0.0387640449438202,0.05,0.092016806722689,,,27.800000000000004,67.89999999999999,4.300000000000004,1.53,,,,,0.44,,,0.3828890616656351,0.0
2320,0.001,0.0123,0.0348846153846153,0.0514230769230769,0.4866666666666668,,,21.0,46.00000000000001,32.99999999999999,1.8,2.58,0.3023255813953488,0.4333333333333333,2.58,3.2,,,0.3140998592775954,0.0
2682,0.001,0.001,0.0299798994974874,0.1294964028776979,1.5323741007194245,,,58.3,41.7,0.0,1.53,2.76,0.446,0.8050541516245486,2.76,0.3,5.7,,0.490735610600918,0.0
4190,0.001,0.001,0.0121818181818181,0.0267272727272727,0.1666666666666666,,,76.0,24.0,0.0,1.23,2.69,0.5427509293680297,1.186991869918699,2.69,,,,0.4598604312471601,0.0
1116,0.001,0.0092605042016806,0.1280737704918032,0.1793032786885245,0.511764705882353,,,40.1,9.299999999999995,50.6,1.7,,,,,,,,0.3828000453701024,0.0357166680808872
3291,0.0012269938650306,0.027087912087912,0.0781065989847715,0.1095786802030456,0.3436363636363637,89.30662436548215,5.457360032417855,27.0,18.2,54.8,1.55,2.64,0.411,0.6977928692699491,2.64,1.9,,,0.3938160572147224,0.0
2442,0.001,0.3353658536585365,0.8109756097560976,1.048780487804878,1.7621951219512195,,,18.0,82.0,0.0,1.48,,,,,,,,0.353,0.078
3112,0.001,0.001,0.0069907407407407,0.0138674033149171,0.0470165745856353,,,45.7,52.69999999999999,1.6000000000000014,1.3,2.57,0.494,0.9762845849802372,2.57,3.08,7.8,,0.6864025269394742,0.0
2243,0.001,0.0177358490566037,0.0347169811320754,0.0432075471698113,0.7031250000000001,57.24999999999998,9.646288209606988,15.0,85.0,0.0,1.28,2.66,0.518,1.074688796680498,2.66,,,,0.5189827136786967,0.0
4575,0.001,0.0079999999999999,0.0427927927927927,0.1026315789473683,0.6767241379310345,,,27.3,49.5,23.2,1.68,2.63,0.361,0.5649452269170578,2.63,,,,0.4179955832494816,0.0
2250,0.05,0.2611111111111111,0.4722222222222222,0.5777777777777778,0.8944444444444446,11.555555555555555,2.360042735042735,4.0,96.0,0.0,1.56,2.71,0.424,0.736111111111111,2.71,,,,0.5548160487147201,0.0
3253,0.001,0.0077358490566037,0.0198113207547169,0.0258490566037735,0.0439622641509434,,,100.0,0.0,0.0,1.48,,0.55,1.2222222222222223,,,,,0.5804133729849908,0.1768062203157382
3193,0.001,0.012516129032258,0.0348235294117647,0.0553435114503816,0.3258426966292136,,,41.6,30.1,28.300000000000004,1.32,,,,,0.58,7.9,0.44,0.5001586054729515,0.0013385742644455
2105,0.02375,0.1089244851258581,0.1775743707093821,0.2118993135011441,0.4452479338842976,8.922076357942911,2.357533473680048,9.6,17.8,72.6,1.6,2.7,0.4074074074074074,0.6875000000000001,2.7,0.08,5.2,,0.3740732603836383,0.0036768523869026
4141,0.0573170731707317,0.1182692307692307,0.1567307692307692,0.1759615384615384,0.4019230769230769,3.069967266775777,1.386889270478388,4.3,16.2,79.5,1.39,,,,,0.98,,,0.4128335924984526,0.0289765813378588
1371,0.001,0.001,0.0193170731707317,0.0309206349206349,0.1133265306122449,,,42.2,46.0,11.8,1.54,2.69,0.428,0.7482517482517481,2.69,0.948,6.92,,0.4226897100840421,0.128107878548124
2240,0.001,0.0177358490566037,0.0347169811320754,0.0432075471698113,0.7031250000000001,57.24999999999998,9.646288209606988,15.0,85.0,0.0,1.44,2.66,0.458,0.8450184501845018,2.66,,,,0.4597904780496189,0.0
2602,0.001,0.0085454545454545,0.031511961722488,0.0429952153110047,1.4247787610619471,,,66.10000000000001,33.9,0.0,1.21,2.63,0.54,1.173913043478261,2.63,1.3,4.1,,0.4909213432540529,0.0
3163,0.0519011406844106,0.0899239543726235,0.1418406072106262,0.1703036053130929,0.3020833333333333,3.281307560244941,0.9148503282589304,9.0,26.3,64.7,1.49,,,,,0.23,7.8,0.22,0.4200640366915983,0.0
1372,0.001,0.001,0.0127961165048543,0.0257908309455587,0.0627535816618911,,,45.0,45.2,9.799999999999995,1.58,2.73,0.421,0.7271157167530224,2.73,3.689,7.76,,0.4568554495369624,0.0229943296945057
4220,0.001,0.0379999999999999,0.0984848484848484,0.1287878787878787,0.2196969696969697,,,34.0,65.99999999999999,0.0,1.49,2.64,0.4356060606060606,0.771812080536913,2.64,,,,0.368049865950614,0.0
3020,0.0288888888888888,0.0604381443298969,0.0733247422680412,0.0797680412371134,0.0990979381443299,2.761201427438541,1.5851212080060573,1.4,90.0,8.599999999999996,1.21,2.53,0.5217391304347826,1.0909090909090908,2.53,0.6,,,0.4251718515706907,0.035725805922633
4620,0.001,0.0107,0.0397,0.0542,0.3666666666666668,,,64.0,0.0,36.0,1.21,2.61,0.47,0.8867924528301886,2.61,3.9,6.2,,0.4332484730505682,0.0417034855721346
2104,0.0188,0.1100719424460431,0.1820143884892086,0.2179856115107913,0.4536679536679537,11.594979335680383,2.956429884531387,10.1,17.1,72.8,1.6,2.7,0.4074074074074074,0.6875000000000001,2.7,0.08,5.2,,0.378345308859932,0.0
2413,0.0104705882352941,0.2039473684210526,0.7171052631578948,0.9736842105263158,1.7434210526315792,92.99231224127736,4.07987637252865,24.0,76.0,0.0,1.52,,,,,,,,0.4024372997115514,0.0
2450,0.001,0.0192307692307692,0.0438461538461538,0.2666666666666664,1.5666666666666669,,,55.00000000000001,44.99999999999999,0.0,1.11,,,,,,,,0.516323983297182,0.0
2614,0.001,0.0089818181818181,0.0283757575757575,0.0380727272727272,1.2960288808664262,,,72.3,27.700000000000003,0.0,1.72,2.83,0.392,0.6447368421052632,2.83,1.0,5.600000000000001,,0.3829213432540529,0.0
4100,0.0012380952380952,0.0263084112149532,0.0542936288088642,0.0681440443213296,0.1476190476190476,55.03942041338162,8.203653044818875,21.5,61.5,17.000000000000004,1.64,,,,,1.53,,,0.3729861327082044,0.0
3220,0.001,0.0102529644268774,0.0274409448818897,0.039251968503937,0.1923841059602649,,,43.7,37.00000000000001,19.299999999999997,1.33,,,,,5.2,8.0,0.88,0.3880583504808153,0.0
4070,0.0012727272727272,0.0230612244897959,0.0383673469387755,0.0460204081632653,0.110126582278481,36.15889212827984,9.079854938491064,16.0,73.2,10.8,1.51,,,,,1.49,,,0.4029306635410219,0.0
4281,0.0817415730337078,0.1279377431906614,0.1667547169811321,0.1893962264150943,1.4207119741100325,2.317012254425209,1.0572630594536443,3.9,4.1000000000000005,92.0,,,,,,1.8,4.600000000000001,,0.4061844412108158,0.0339751439455648
4221,0.001,0.0379999999999999,0.0984848484848484,0.1287878787878787,0.2196969696969697,,,34.0,65.99999999999999,0.0,1.49,2.64,0.4356060606060606,0.771812080536913,2.64,,,,0.3691655202089158,0.0
3190,0.001,0.0145906735751295,0.0461349693251533,0.0776223776223776,0.3593750000000001,,,35.8,30.600000000000005,33.599999999999994,1.41,,,,,1.74,7.7,0.67,0.5869664953981562,0.0
2111,0.0092,0.0647058823529411,0.1651041666666666,0.2171874999999999,0.531578947368421,23.60733695652174,2.0953900336929188,27.0,15.299999999999995,57.7,1.67,,,,,,,,0.2877385225402653,0.0
3241,0.001,0.0039094650205761,0.0170781893004115,0.0236625514403292,0.0434156378600823,,,100.0,0.0,0.0,1.39,,0.48,0.923076923076923,,,,,0.6832629082845196,0.0443927029206263
2552,0.001,0.0098445945945945,0.1425891181988742,0.5140712945590993,1.628517823639775,,,46.7,53.29999999999999,0.0,1.764,2.64,0.332,0.4970059880239522,2.64,,,,0.3145440969525875,0.1696322686062905
4341,0.0748095238095238,0.124015873015873,0.159793388429752,0.1721900826446281,0.3706896551724138,2.301713389902731,1.1939593061263938,3.8,1.4,94.8,1.5,,,,,,,,0.3909049323224577,0.0600974715504705
2540,0.001,0.0167169811320754,0.5245901639344261,0.8196721311475408,1.704918032786885,,,32.9,67.10000000000001,0.0,1.811,2.64,0.314,0.4577259475218659,2.64,,,,0.26883527756207,0.0
2124,0.05,0.4833333333333333,0.9166666666666669,1.1333333333333333,1.7833333333333334,22.666666666666664,4.122549019607842,10.0,90.0,0.0,1.55,,,,,,,,0.3790422304773866,0.0094139687363259
4441,0.15,0.2,0.2275,0.24125,0.4434615384615385,1.6083333333333336,1.1053540587219344,0.8,1.2,98.0,1.57,2.65,0.408,0.689189189189189,2.65,,,,0.4363375335134695,0.0125236303832991
4223,0.001,0.0379999999999999,0.0984848484848484,0.1287878787878787,0.2196969696969697,,,34.0,65.99999999999999,0.0,1.492,2.64,0.4348484848484849,0.7694369973190351,2.64,,,,0.3817113390598733,0.0
4580,0.0043513513513513,0.1620689655172413,0.2965779467680608,0.344106463878327,0.4866920152091254,79.08036747514345,17.54214665249907,10.6,29.600000000000005,59.8,1.45,2.6,0.442,0.7921146953405017,2.6,1.34,7.4,,0.6545081165466687,0.01256846769475
4262,0.0843548387096774,0.1274175824175824,0.1632167832167832,0.1841958041958041,1.3537906137184117,2.1835831472542746,1.0448861888500844,3.0,4.09999999999999,92.9,,,,,,0.3,4.8,,0.383685064230276,0.0
4661,0.0815384615384615,0.25,0.3611111111111111,0.4166666666666666,0.5833333333333333,5.11006289308176,1.839622641509434,4.0,4.0,92.0,1.49,2.61,0.43,0.7543859649122806,2.61,0.5,3.9,,0.4088499022821596,0.0199148880807997
4170,0.001,0.0447328244274809,0.0886462882096069,0.1150943396226415,0.276271186440678,,,14.2,41.0,44.8,1.46,,,,,0.92,,,0.4089306635410219,0.0292541040475184
4194,0.001,0.001,0.0121818181818181,0.0267272727272727,0.1666666666666666,,,76.0,24.0,0.0,1.226,2.69,0.5442379182156134,1.1941272430668843,2.69,,,,0.4656309733969563,0.0
3031,0.001,0.001,0.0073372781065088,0.0120304568527918,0.2482456140350877,,,42.1,48.00000000000001,9.9,1.07,2.87,0.63,1.7027027027027026,2.87,,,,0.5144463287346644,0.1693696056426276
4132,0.044,0.0757294429708222,0.104485488126649,0.1308707124010554,0.3045871559633029,2.9743343727512586,0.9959427666249624,7.09999999999999,41.20000000000001,51.7,1.71,,,,,0.14,,,0.3319029289574307,0.0009063253514356
4010,0.0204081632653061,0.0613168724279835,0.1031168831168831,0.1290909090909091,0.2658536585365854,6.325454545454545,1.4271197303552383,8.3,40.5,51.2,1.44,,,,,1.85,,,0.4334633849119726,0.0155112279826633
3243,0.001,0.0095539033457249,0.021449814126394,0.0273977695167286,0.0452416356877323,,,98.0,0.4000000000000003,1.6000000000000014,1.49,,0.44,0.7857142857142857,,,,,0.7645680715983275,0.0890713099389431
2000,0.001,0.0098088235294117,0.0294835680751173,0.0388732394366197,0.1529203539823009,,,26.3,56.2,17.500000000000004,1.62,2.63,0.387,0.6313213703099511,2.63,1.13,6.9,,0.388078429343182,0.0
2405,0.0063636363636363,0.0238181818181818,0.0412727272727272,0.05,1.5125000000000002,7.857142857142858,1.7829610389610393,60.0,40.0,0.0,1.41,,,,,,,,0.4582915331410342,0.0853197747966631
3260,0.0026075949367088,0.014759493670886,0.0269113924050632,0.0329873417721519,0.1291666666666667,12.650485436893204,2.532535075889097,88.0,1.0000000000000009,10.999999999999998,1.35,,0.49,0.96078431372549,,,,,0.537350642938965,0.0561739767874152
4061,0.0630952380952381,0.1079646017699115,0.1433628318584071,0.1610619469026548,0.3355932203389831,2.552679913174153,1.147025957845794,3.5000000000000004,22.0,74.5,1.68,,,,,0.36,,,0.3000554691671824,0.0250025973328925
4000,0.072,0.1283828382838284,0.1613861386138614,0.1778877887788779,0.3937743190661479,2.4706637330399706,1.2868718844673583,2.8000000000000003,10.0,87.2,1.46,,,,,1.62,,,0.3868474597902482,0.0319765813378589
3151,0.0242,0.1202127659574468,0.1911347517730496,0.226595744680851,0.4387096774193548,9.363460524002107,2.635324283783705,9.3,15.0,75.7,1.5,,,,,1.5,7.3,0.37,0.4477408807215167,0.0
2321,0.001,0.011,0.0397083333333333,0.0576249999999999,0.4508333333333336,,,25.0,38.0,37.0,1.74,2.582,0.3261037955073586,0.4839080459770113,2.582,3.1,,,0.3670499296387977,0.1586928256435401
4101,0.001,0.0171153846153846,0.040631970260223,0.0522160664819944,0.0937673130193905,,,26.3,68.19999999999999,5.500000000000005,1.5,,,,,0.77,,,0.3948613270820438,0.0
2583,0.0060506329113924,0.0465569620253164,0.5724743777452416,0.8579795021961932,1.714494875549048,141.79995956799007,0.4175337149341854,31.7,68.30000000000001,0.0,1.42,2.7,0.474,0.9011406844106464,2.7,0.4,8.3,,0.4558689054234215,0.0
3130,0.0359677419354838,0.1276315789473684,0.199401913875598,0.2352870813397129,0.4462121212121213,6.541613920655696,1.924886062562372,6.7,15.6,77.7,1.5,,,,,1.2,7.100000000000001,0.32,0.5123536880598364,0.0
3281,0.001,0.001,0.0028605577689243,0.0100318725099601,0.1310344827586207,,,73.9,26.1,0.0,1.61,2.64,0.39,0.639344262295082,2.64,,,,0.3584960957186457,0.040504895887673
2374,0.001,0.18,0.7000000000000001,0.96,1.7400000000000002,,,25.0,75.0,0.0,1.25,,,,,,,,0.4438745994231028,0.0
3154,0.0438636363636363,0.1322937625754527,0.1926559356136821,0.2228370221327968,0.4304123711340206,5.080222266239926,1.7905512585213148,6.5,12.8,80.69999999999999,1.53,,,,,0.39,7.4,0.21,0.447417724751435,0.0
2203,0.1492857142857143,0.3216216216216216,0.4567567567567567,0.544665012406948,0.9168734491315136,3.6484737673192686,1.2721629575788609,2.8000000000000003,2.6,94.6,1.65,,,,,,,,0.382726758853036,0.0
2441,0.001,0.05,0.6071428571428573,0.8857142857142858,1.721428571428572,,,30.0,70.0,0.0,1.47,,,,,,,,0.35,0.0
4060,0.0422222222222222,0.1015350877192982,0.1453947368421052,0.1673245614035087,0.3864197530864198,3.962950138504154,1.45925608928163,3.5000000000000004,25.8,70.7,1.49,,,,,2.59,,,0.3928335924984526,0.0007892320407301
2653,0.01544,0.3148148148148147,0.7962962962962962,1.0370370370370368,1.7592592592592589,67.16561120706196,6.189688022589574,19.0,81.0,0.0,1.76,2.67,0.341,0.5174506828528073,2.67,0.1,7.9,,0.3398863847002987,0.0
2582,0.001,0.0111428571428571,0.0263809523809523,0.0339999999999999,0.9736842105263156,,,81.0,18.999999999999996,0.0,1.38,2.7,0.489,0.9569471624266144,2.7,0.7000000000000001,8.1,,0.5119650414462458,0.0
2010,0.001,0.0063835616438356,0.0260416666666666,0.0364583333333333,0.1493103448275863,,,29.6,53.0,17.400000000000006,1.45,2.66,0.456,0.8382352941176471,2.66,0.84,7.100000000000001,,0.4595350971960784,0.0
2102,0.0018039215686274,0.1065384615384615,0.1834615384615384,0.2219230769230769,0.4625468164794007,123.02257525083608,28.352589219988065,10.6,17.7,71.7,1.6,2.7,0.4074074074074074,0.6875000000000001,2.7,0.12,5.3,,0.3928702736793308,0.0
4052,0.0475,0.0953488372093023,0.1392156862745098,0.1610021786492374,0.3736842105263158,3.3895195505102613,1.1887908119191537,2.5,29.5,68.0,1.6,,,,,0.18,,,0.3417781233312701,0.0084648720067883
2560,0.0035157894736842,0.0935754189944134,0.6382681564245811,0.9106145251396648,1.727653631284917,259.0071254139764,2.735055388759788,28.4,71.6,0.0,1.37,2.61,0.475,0.9047619047619048,2.61,0.7000000000000001,3.9,,0.4747552901237202,0.0
4233,0.001,0.0379999999999999,0.0984848484848484,0.1287878787878787,0.2196969696969697,,,34.0,65.99999999999999,0.0,1.497,2.64,0.4329545454545455,0.7635270541082165,2.64,,,,0.3649068933252515,0.0
3393,0.001,0.005323782234957,0.0219426934097421,0.0302521489971346,0.0551805157593123,,,95.8,0.0,4.200000000000004,1.561,2.65,0.411,0.6977928692699491,2.65,0.28,,,0.3774254749268919,0.0
3212,0.001,0.0030384615384615,0.0116923076923076,0.0160192307692307,0.0478571428571428,,,69.19999999999999,27.9,2.9000000000000026,1.35,,,,,0.94,7.8,4.41,0.4795915466342927,0.0
2122,0.026,0.4310344827586206,0.8793103448275862,1.103448275862069,1.7758620689655171,42.44031830238726,6.475878647214851,13.0,87.0,0.0,1.64,,,,,,,,0.3572600057151138,0.0
4672,0.001,0.0106666666666666,0.0248,0.0327999999999999,0.0568,,,23.0,71.0,6.000000000000005,1.61,2.66,0.394,0.6501650165016503,2.66,0.17,3.3,,0.3939762707132538,0.0
2760,0.00584,0.0232945454545454,0.0407490909090909,0.0494763636363636,1.5050761421319798,8.4719800747198,1.8780098297414392,60.6,39.4,0.0,1.13,2.58,0.562,1.2831050228310503,2.58,3.1,7.100000000000001,,0.5019563018078071,0.0
4533,0.001,0.003103448275862,0.0134351145038167,0.0215568862275449,0.3239795918367348,,,32.6,47.0,20.399999999999995,1.49,,,,,2.09,7.52,,0.4447407051804503,0.0
4570,0.0019666666666666,0.00936,0.0241538461538461,0.0318461538461538,0.1484615384615385,16.192959582790067,1.3988268238761956,19.1,77.49999999999999,3.400000000000003,1.39,2.57,0.459,0.8484288354898338,2.57,4.3,5.7,,0.4230836816809699,0.0
1464,0.1012722646310432,0.1521628498727735,0.2101375245579568,0.2946168958742632,0.5480550098231827,2.909156785894107,0.7760131775504381,2.6,4.59999999999999,92.8,1.67,2.631,0.365,0.5748031496062992,2.631,,,,0.6396327745512351,0.0
4150,0.0398529411764705,0.1341463414634146,0.2071895424836601,0.2725490196078431,0.4686274509803922,6.838868388683888,1.6567335352244557,4.8,15.400000000000002,79.80000000000001,1.39,,,,,3.89,,,0.4263405261443504,0.0819765813378588
3322,0.001,0.0422962962962962,0.1137272727272727,0.1636029411764705,0.5294117647058824,,,23.0,13.499999999999998,63.5,1.58,2.67,0.409,0.6920473773265652,2.67,0.3,,,0.3858689029865003,0.0
2170,0.001,0.0047692307692307,0.0116923076923076,0.0151538461538461,1.2384615384615387,,,74.0,26.0,0.0,0.804,2.67,0.7000000000000001,2.333333333333334,2.67,3.4,,,0.5486865450185189,0.2141966927276346
4572,0.001,0.0090384615384615,0.0234790528233151,0.0307650273224043,0.1160550458715597,,,23.7,73.6,2.7000000000000024,1.49,2.67,0.442,0.7921146953405017,2.67,0.2,5.0,,0.4111717801124583,0.0
1130,0.0091351351351351,0.0578571428571428,0.174074074074074,0.2203703703703703,0.6171171171171173,24.123383738768347,1.6628221026364904,28.9,10.500000000000004,60.6,1.56,,,,,,,,0.3759514546884664,0.0599
2390,0.001,0.001,0.0357777777777777,0.1428571428571429,1.5357142857142858,,,57.99999999999999,42.00000000000001,0.0,1.3,,,,,,,,0.4422915331410342,0.0
1190,0.001,0.0103478260869565,0.0312173913043478,0.0416521739130434,0.1276315789473684,,,68.0,19.899999999999995,12.1,1.535,,,,,,,,0.3593786377977664,0.0
2752,0.001,0.0190322580645161,0.05,0.4399999999999999,1.61,,,50.0,50.0,0.0,1.45,2.67,0.457,0.8416206261510131,2.67,1.1,4.5,,0.4747727694005973,0.0
1331,0.001,0.0076933333333333,0.02396,0.0320933333333333,0.0564933333333333,,,98.0,0.0,2.0000000000000018,1.43,,,,,0.2,7.100000000000001,,0.4387477249871735,0.0333486748478377
2605,0.001,0.0224356435643564,0.0461980198019802,0.3333333333333331,1.5833333333333337,,,53.2,46.8,0.0,1.55,2.67,0.419,0.7211703958691911,2.67,0.1,4.1,,0.3969213432540529,0.0
2420,0.0107272727272727,0.3148148148148147,0.7962962962962962,1.0370370370370368,1.7592592592592589,96.6729441305712,8.908954353869603,19.0,81.0,0.0,1.47,,,,,,,,0.4002915331410343,0.0
4193,0.001,0.001,0.0121818181818181,0.0267272727272727,0.1666666666666666,,,76.0,24.0,0.0,1.229,2.69,0.5431226765799256,1.1887713588283155,2.69,,,,0.4705969038944241,0.0
2362,0.001,0.001,0.001,0.0012499999999999,0.0178461538461538,,,79.0,16.999999999999993,4.000000000000004,1.25,2.652,0.528657616892911,1.1216000000000002,2.652,2.15,6.7,,0.5564176387810351,0.0612387939704577
1050,0.0923076923076923,0.3089887640449438,0.449438202247191,0.5356234096692112,0.9173027989821884,5.802586938083121,1.931025153077855,7.8,3.900000000000001,88.3,1.6,,,,,,,,0.3707946731437956,0.0
